model_folder,model_label,overall_combined_metric,overall_width_metric,overall_peak_metric,fraction_trapped_combined_score,fraction_trapped_width_score,fraction_trapped_peak_score,cooling_timescale_combined_score,cooling_timescale_width_score,cooling_timescale_peak_score,20_step_energy_combined_score,20_step_energy_width_score,20_step_energy_peak_score
mlp_sim,MLP (Sim.),0.9014685836165047,0.8169052196456291,0.9952764581551662,0.9196735517196285,0.8579572323975188,0.9858293744654985,0.9002374156515309,0.8104274045389472,1.0,0.8844947834783548,0.7823310220004217,1.0
differentiator,Differentiator,0.7556497492723583,0.8864745442618257,0.6701183837247835,0.9005330035873267,0.8109596905500122,1.0,0.6292168838727451,0.8664643546965762,0.4569303801183732,0.7371993603570026,0.9819995875388888,0.5534247710559773
mlp_experimental,MLP (Expt.),0.8704815445052368,0.9888954947136326,0.7712567046345665,0.9780972207511128,1.0,0.9566741732410512,0.8475230002323036,1.0,0.7182952359227653,0.7858244125322943,0.9666864841408976,0.6388007047398833
