model_folder,model_label,overall_metric,fraction_trapped_score,fraction_trapped_peak_detuning,fraction_trapped_peak_performance,fraction_trapped_left_50_detuning,fraction_trapped_right_50_detuning,fraction_trapped_range_width,fraction_trapped_range_fraction,fraction_trapped_performance_fraction,fraction_trapped_metric_score,cooling_timescale_score,cooling_timescale_peak_detuning,cooling_timescale_peak_performance,cooling_timescale_left_50_detuning,cooling_timescale_right_50_detuning,cooling_timescale_range_width,cooling_timescale_range_fraction,cooling_timescale_performance_fraction,cooling_timescale_metric_score,20_step_energy_score,20_step_energy_peak_detuning,20_step_energy_peak_performance,20_step_energy_left_50_detuning,20_step_energy_right_50_detuning,20_step_energy_range_width,20_step_energy_range_fraction,20_step_energy_performance_fraction,20_step_energy_metric_score
mlp_sim,MLP (Sim.),0.8520225653145235,0.8463099402572576,-15.0,0.96075,-66.74174174174175,70.52552552552552,137.26726726726727,0.7279821627647715,0.9838709677419354,0.8463099402572576,0.8393053660837312,5.0,222.63551506152677,-11.306306306306304,43.088088088088085,54.39439439439439,0.704433497536946,1.0,0.8393053660837312,0.8707707839849465,35.0,118.50237010904272,12.087087087087099,55.600600600600615,43.513513513513516,0.7582417582417582,1.0,0.8707707839849465
differentiator,Differentiator,0.6162010101375709,0.8137612413107003,15.0,0.9765,-62.327327327327325,62.53753753753753,124.86486486486486,0.6622073578595318,1.0,0.8137612413107003,0.37970283888127165,5.0,411.1758141334913,-6.701701701701694,13.858858858858866,20.56056056056056,0.26626912107855855,0.5414606292704913,0.37970283888127165,0.7572274910738155,25.0,206.6685018925336,5.990990990990994,63.378378378378386,57.38738738738739,1.0,0.5733934732379453,0.7572274910738155
mlp_experimental,MLP (Expt.),0.8374073728414603,0.9790430764895485,15.0,0.936,-99.11411411411412,89.44444444444446,188.55855855855856,1.0,0.9585253456221199,0.9790430764895485,0.758898062918988,15.0,386.5694737267954,-30.715715715715717,46.50150150150148,77.2172172172172,1.0,0.5759262699021922,0.758898062918988,0.79036026091483,25.0,181.3655114734032,8.093093093093103,62.95795795795797,54.86486486486487,0.9560439560439561,0.6533897715521333,0.79036026091483
