model_folder,model_label,overall_metric,fraction_trapped_score,fraction_trapped_peak_photon_number,fraction_trapped_peak_performance,fraction_trapped_left_50_photon_number,fraction_trapped_right_50_photon_number,fraction_trapped_range_width,fraction_trapped_range_fraction,fraction_trapped_performance_fraction,fraction_trapped_metric_score,cooling_timescale_score,cooling_timescale_peak_photon_number,cooling_timescale_peak_performance,cooling_timescale_left_50_photon_number,cooling_timescale_right_50_photon_number,cooling_timescale_range_width,cooling_timescale_range_fraction,cooling_timescale_performance_fraction,cooling_timescale_metric_score,20_step_energy_score,20_step_energy_peak_photon_number,20_step_energy_peak_performance,20_step_energy_left_50_photon_number,20_step_energy_right_50_photon_number,20_step_energy_range_width,20_step_energy_range_fraction,20_step_energy_performance_fraction,20_step_energy_metric_score
mlp_sim,MLP (Sim.),0.9283525927215047,0.9861396572960262,57.0,0.9655,4.843843843843844,81.0,76.15615615615616,0.9895941727367326,0.9826972010178117,0.9861396572960262,0.8545028245944882,81.0,243.68433101322822,27.062062062062065,81.0,53.93793793793793,0.7301750772399587,1.0,0.8545028245944882,0.9444152962739996,65.0,104.31320619296253,12.931931931931931,81.0,68.06806806806807,0.8919202518363064,1.0,0.9444152962739996
differentiator,Differentiator,0.7853986284507828,0.9874340558073528,77.0,0.9825,5.964964964964965,81.0,75.03503503503504,0.9750260145681582,1.0,0.9874340558073528,0.6402357468456578,77.0,555.3104219374055,11.998998998999,81.0,69.001001001001,0.9340885684860968,0.43882542337859504,0.6402357468456578,0.7285260826993378,77.0,189.5272647465496,7.406406406406406,81.0,73.5935935935936,0.9643231899265478,0.5503862799500544,0.7285260826993378
mlp_experimental,MLP (Expt.),0.8632997832281909,0.980211328930587,69.0,0.944,4.043043043043043,81.0,76.95695695695696,1.0,0.9608142493638676,0.980211328930587,0.82232302952777,81.0,360.3650785504715,7.13013013013013,81.0,73.86986986986987,1.0,0.6762151648917297,0.82232302952777,0.787364991226216,77.0,168.26240523265474,4.683683683683684,81.0,76.31631631631632,1.0,0.6199436294086591,0.787364991226216
